chromosome,position,genotype,ref,alt,alt_freq
1,11846198,AA,A,G,
1,11846252,AA,G,A,0.671238
1,11846270,TT,T,C,0.024670
1,11846447,AA,G,A,0.930844
1,11847436,TT,T,C,0.073671
1,11847449,GG,G,A,0.042582
1,11847742,TT,T,C,0.00000
1,11847759,TT,C,A,0.551566
1,11847772,GG,G,A,0.094863
1,11847861,GG,G,A,0.087918
1,11847902,CC,C,A,0.087744
1,11848054,TT,T,A,0.007010
1,11848139,GG,G,A,0.125656
1,11848879,GG,A,G,0.928278
1,11849447,GG,A,C,0.930870
1,11849469,TT,T,C,
1,11850365,GG,T,A,0.636242
1,11850750,GG,G,A,0.014398
1,11850927,CC,C,T,0.042654
1,11851118,GG,A,C,0.896218
1,11851273,CC,C,T,0.000030
1,11851319,CC,C,T,0.004
1,11851424,CC,C,T,0.000079
1,11852110,CC,C,T,0.096411
1,11852300,CC,C,G,0.217220
1,11852516,CC,C,T,0.037497
1,11854018,CC,C,T,0.010065
1,11854457,AA,G,A,0.896347
1,11854476,TT,T,G,0.246152
1,11854493,CC,C,A,
1,11854671,CC,C,A,0.196626
1,11854755,AA,G,A,0.564026
1,11854896,GG,G,A,0.089112
1,11854926,TT,T,C,0.000672
1,11855241,CC,C,T,0.000004
1,11855280,GG,G,A,0.000004
1,11855447,CC,C,T,0.005531
1,11855867,AA,G,A,0.569829
1,11856335,GG,G,A,0.00208
1,11856378,AA,G,A,0.291243
1,11856437,GG,G,A,0.000030
1,11856847,GG,G,A,0.063522
1,11857711,TT,T,C,0.068031
1,11857951,CC,T,A,0.486275
1,11860843,GG,G,A,0.170686
1,11861276,CC,C,A,0.001062
1,11861293,GG,G,A,0.000140
1,11861348,GG,G,A,0.000016
1,11862047,CC,C,A,0.093509
1,11862163,CC,C,A,0.043179
1,11862214,TT,T,A,0.159402
1,11862778,AA,A,G,0.146279
1,11862935,TT,T,C,0.002267
1,11862971,CC,C,T,0.000280
1,11863057,GG,G,A,0.085904
1,11863195,GG,G,A,0.000937
1,11863277,GG,G,A,0.029159
1,11863974,CC,C,A,0.00024
1,11864149,GG,G,A,0.092089
1,11864586,TT,T,C,0.135785
1,11865250,GG,G,A,0.000842
1,11866183,CC,C,T,0.036303
1,11866451,GG,G,A,0.043303
